{
  "3D": 176.226999759674,
  "Editor": 1656.08799982071,
  "Script": 1479.86100006103
}