{
  "2D": 0.924999952316284,
  "3D": 185426.320002555,
  "AssetLib": 66.5,
  "Editor": 262079.405001163,
  "Script": 76586.7319986819
}