{
  "2D": 1.9139997959137,
  "3D": 73329.6800026895,
  "AssetLib": 66.5,
  "Editor": 89577.8130025865,
  "Script": 16179.7190001011
}