{
  "2D": 1.9139997959137,
  "3D": 50959.1000041961,
  "AssetLib": 66.5,
  "Editor": 67171.4540040492,
  "Script": 16144.7200000286
}