{
  "3D": 20881.7779989243,
  "Editor": 22361.6389989853,
  "Script": 1479.86100006103
}