{
  "3D": 2625.9319999218,
  "AssetLib": 66.5,
  "Editor": 6775.98300004005,
  "Script": 4083.55100011826
}