{
  "2D": 890.355999946594,
  "3D": 23792.2080018521,
  "AssetLib": 66.5,
  "Editor": 108182.843001366,
  "Script": 83433.778999567
}