{
  "2D": 0.924999952316284,
  "3D": 368418.005996226,
  "AssetLib": 66.5,
  "Editor": 460907.483995436,
  "Script": 92422.0529992578
}