{
  "2D": 0.924999952316284,
  "3D": 322288.174997329,
  "AssetLib": 66.5,
  "Editor": 399452.907995462,
  "Script": 77097.3079981802
}