{
  "2D": 0.924999952316284,
  "3D": 341819.065996407,
  "AssetLib": 66.5,
  "Editor": 428486.291995285,
  "Script": 86599.800998926
}