{
  "2D": 209.417000055313,
  "3D": 379292.814996002,
  "AssetLib": 66.5,
  "Editor": 503486.489995001,
  "Script": 123917.757998944
}