{
  "2D": 0.924999952316284,
  "3D": 110611.735002041,
  "AssetLib": 66.5,
  "Editor": 187195.500000715,
  "Script": 76516.339998722
}