{
  "2D": 0.924999952316284,
  "3D": 276206.540997504,
  "AssetLib": 66.5,
  "Editor": 352860.697996138,
  "Script": 76586.7319986819
}