{
  "2D": 0.924999952316284,
  "3D": 250938.082997798,
  "AssetLib": 66.5,
  "Editor": 327592.239996432,
  "Script": 76586.7319986819
}