{
  "2D": 0.924999952316284,
  "3D": 374345.364996669,
  "AssetLib": 66.5,
  "Editor": 495259.279995678,
  "Script": 120846.489999057
}