{
  "2D": 0.924999952316284,
  "3D": 13841.3910009862,
  "AssetLib": 66.5,
  "Editor": 61302.3740003109,
  "Script": 47393.5579993724
}