{
  "2D": 265.323999881744,
  "3D": 47333.338000536,
  "AssetLib": 66.5,
  "Editor": 142974.014000893,
  "Script": 95308.8520004749
}