{
  "2D": 0.924999952316284,
  "3D": 19837.5730016232,
  "AssetLib": 66.5,
  "Editor": 91850.4550011158,
  "Script": 71945.4569995403
}