{
  "2D": 0.924999952316284,
  "3D": 177306.617002725,
  "AssetLib": 66.5,
  "Editor": 253960.77400136,
  "Script": 76586.7319986819
}