{
  "2D": 0.924999952316284,
  "3D": 10923.1040008068,
  "AssetLib": 66.5,
  "Editor": 16218.0770010948,
  "Script": 5227.5480003357
}