{
  "2D": 0.924999952316284,
  "3D": 16276.3200013638,
  "AssetLib": 66.5,
  "Editor": 82048.1420009137,
  "Script": 65704.3969995975
}