{
  "2D": 0.924999952316284,
  "3D": 194022.001001357,
  "AssetLib": 66.5,
  "Editor": 270676.157999991,
  "Script": 76586.7319986819
}