{
  "2D": 0.924999952316284,
  "3D": 22052.6390028,
  "AssetLib": 66.5,
  "Editor": 98636.4040014744,
  "Script": 76516.339998722
}