{
  "2D": 0.924999952316284,
  "3D": 372954.043997047,
  "AssetLib": 66.5,
  "Editor": 487016.138995407,
  "Script": 113994.669998408
}