{
  "2D": 0.924999952316284,
  "3D": 153715.857001781,
  "AssetLib": 66.5,
  "Editor": 230299.622000456,
  "Script": 76516.339998722
}