{
  "2D": 0.924999952316284,
  "3D": 203833.789001702,
  "AssetLib": 66.5,
  "Editor": 285410.272000073,
  "Script": 81509.0579984187
}