{
  "2D": 0.924999952316284,
  "3D": 42380.1690013409,
  "AssetLib": 66.5,
  "Editor": 118963.934000015,
  "Script": 76516.339998722
}