{
  "2D": 0.924999952316284,
  "3D": 344795.670996426,
  "AssetLib": 66.5,
  "Editor": 434627.11099553,
  "Script": 89764.0149991511
}