{
  "2D": 0.924999952316284,
  "3D": 326167.115996837,
  "AssetLib": 66.5,
  "Editor": 405941.151994942,
  "Script": 79706.6109981535
}