{
  "2D": 0.924999952316284,
  "3D": 13083.6870007516,
  "AssetLib": 66.5,
  "Editor": 46225.2150008678,
  "Script": 33074.103000164
}