{
  "2D": 0.924999952316284,
  "3D": 13851.1800010205,
  "AssetLib": 66.5,
  "Editor": 72065.8710007668,
  "Script": 58147.2659997939
}