{
  "2D": 0.924999952316284,
  "3D": 284356.806998252,
  "AssetLib": 66.5,
  "Editor": 364744.298996448,
  "Script": 80320.0669982432
}