{
  "2D": 0.924999952316284,
  "3D": 215566.464001892,
  "AssetLib": 66.5,
  "Editor": 297338.539000271,
  "Script": 81704.6499984263
}