{
  "2D": 0.924999952316284,
  "3D": 340236.548997401,
  "AssetLib": 66.5,
  "Editor": 421307.572995184,
  "Script": 81003.5989978312
}