{
  "2D": 0.924999952316284,
  "3D": 276656.408997535,
  "AssetLib": 66.5,
  "Editor": 354147.634996175,
  "Script": 77423.8009986876
}